<?xml version="1.0" encoding="UTF-8"?>
<addon
  id="skin.monkee"
  version="0.3.1"
  name="Monkeemedia 1.0"
  provider-name="monkeemedia.ch, monkee.ch">
  <requires>
    <import addon="xbmc.gui" version="5.3.0"/>
  </requires>
  <extension
    point="xbmc.gui.skin"
    debugging="false"
    effectslowdown="0.75">
    <res width="1280" height="720" aspect="16:9" default="true" folder="720p" />
  </extension>
  <extension point="xbmc.addon.metadata">

    <summary lang="en">Monkeemedia default Skin</summary>
     <summary lang="de">Monkeemedia Standard Thema</summary>

    <description lang="de">Der Monkeeemdia Skin basiert auf Conflunce dem Standardskin ab Kodi 14.0. Er ist eine Kombination mehrerer unterschiedlicher Skin-Konzepte und versucht dabei die besten Ideen zu kombinieren, um einen einfachen Einstieg für neue Kodi-Nutzer zu ermöglichen.</description>
    <description lang="en">Confluence is the default skin for Kodi 14.0 and above. It is a combination of concepts from many popular skins, and attempts to embrace and integrate their good ideas into a skin that should be easy for first time Kodi users to understand and use.</description>
    <disclaimer lang="de">Monkeemedia ist der Standard-Skin auf dieser Box. Die Deinstallation kann zu unerwünschten Nebeneffekten führen. Kodi Standard ist Confluence</disclaimer>
    <disclaimer lang="en">Monkeemedia is the default skin of this box, removing it may cause issues. Kodi Standard is Confluence</disclaimer>
    <platform>all</platform>
  </extension>
</addon>
